﻿<parameters>
  <parameter name="IIS Web Application Name" defaultValue="http://pavelnikitiuk.somee.com" tags="IisApp">
    <parameterEntry kind="ProviderPath" scope="IisApp" match="^D:\\Clouds\\Dropbox\\Epam\ Project\\Auction\ Project\\Auction\\Auction\\obj\\Release\\Package\\PackageTmp$" />
    <parameterEntry kind="ProviderPath" scope="setAcl" match="^D:\\Clouds\\Dropbox\\Epam\ Project\\Auction\ Project\\Auction\\Auction\\obj\\Release\\Package\\PackageTmp$" />
  </parameter>
  <parameter name="Auction.Models.ApplicationDbContext-Web.config Connection String" defaultValue="Auction.Models.ApplicationDbContext_ConnectionString">
    <parameterEntry kind="XmlFile" scope="D:\\Clouds\\Dropbox\\Epam\ Project\\Auction\ Project\\Auction\\Auction\\obj\\Release\\Package\\PackageTmp\\Web\.config$" match="/configuration/connectionStrings/add[@name='Auction.Models.ApplicationDbContext']/@connectionString" />
  </parameter>
  <parameter name="AuctionDbContext-Web.config Connection String" defaultValue="Data Source=(localdb)\v11.0;AttachDbFilename=|DataDirectory|\LotsDB.mdf;Initial Catalog=LotsDB;Integrated Security=True; MultipleActiveResultSets=True;">
    <parameterEntry kind="XmlFile" scope="D:\\Clouds\\Dropbox\\Epam\ Project\\Auction\ Project\\Auction\\Auction\\obj\\Release\\Package\\PackageTmp\\Web\.config$" match="/configuration/connectionStrings/add[@name='AuctionDbContext']/@connectionString" />
  </parameter>
  <parameter name="AuctionUserDb-Web.config Connection String" defaultValue="Data Source=(LocalDb)\v11.0;AttachDbFilename=|DataDirectory|\AuctionUserDb.mdf;Initial Catalog=AuctionUserDb;Integrated Security=True">
    <parameterEntry kind="XmlFile" scope="D:\\Clouds\\Dropbox\\Epam\ Project\\Auction\ Project\\Auction\\Auction\\obj\\Release\\Package\\PackageTmp\\Web\.config$" match="/configuration/connectionStrings/add[@name='AuctionUserDb']/@connectionString" />
  </parameter>
</parameters>